Number;Start time in milliseconds;End time in milliseconds;"Text"
1;1042;2711;"<c.bg_transparent>वाइकिंग्स में अब तक आपने देखा</c.bg_transparent>"
2;2794;4796;"<c.bg_transparent>हम भगवानों से पूछेंगे, मुझे अर्ल बनाकर</c.bg_transparent>"
3;4879;6798;"<c.bg_transparent>मेरे बेटे को क्यों मार डाला।</c.bg_transparent>"
4;6881;9467;"<c.bg_transparent>-हमारे और बेटे हो सकते हैं।</c.bg_transparent>
<c.bg_transparent>-क्या हमने कोशिश नहीं की?</c.bg_transparent>"
5;9551;12095;"<c.bg_transparent>इससे पहले कि बहुत देर हो जाए,</c.bg_transparent>
<c.bg_transparent>मेरी कोख भर दो।</c.bg_transparent>"
6;12178;15724;"<c.bg_transparent>अगर सच में महान बनना चाहते हो, तो तुम्हें</c.bg_transparent>
<c.bg_transparent>अभी राजा होरिक से नहीं मिलना चाहिए?</c.bg_transparent>"
7;15807;17100;"<c.bg_transparent>तुम्हारा भाई वहीं है।</c.bg_transparent>"
8;17183;19686;"<c.bg_transparent>वह पश्चिम में अकेले जाने के</c.bg_transparent>
<c.bg_transparent>अपने किस्से सुना रहा है</c.bg_transparent>"
9;19769;22689;"<c.bg_transparent>पर तुम्हें बुलाया भी नहीं गया।</c.bg_transparent>
<c.bg_transparent>तुम्हें तो पता भी नहीं था।</c.bg_transparent>"
10;23148;25942;"<c.bg_transparent>गोटलैंड में एक यार्ल है, यार्ल बोर्ग।</c.bg_transparent>"
11;26025;29362;"<c.bg_transparent>वह दावा कर रहा है कि मेरी कुछ भूमि पर</c.bg_transparent>
<c.bg_transparent>उसका कानूनी अधिकार है।</c.bg_transparent>"
12;29446;32157;"<c.bg_transparent>और अब फिर से, वह धमकियाँ दे रहा है।</c.bg_transparent>"
13;32240;36036;"<c.bg_transparent>-मैं कैसे मदद कर सकता हूँ?</c.bg_transparent>
<c.bg_transparent>-मेरा दूत बनकर गोटलैंड जाओ।</c.bg_transparent>"
14;36119;38496;"<c.bg_transparent>मैं हमेशा तुम्हारा कर्ज़दार रहूँगा।</c.bg_transparent>"
15;38580;39748;"<c.bg_transparent>कृपया मत जाओ।</c.bg_transparent>"
16;41082;45211;"<c.bg_transparent>देवताओं के देवता,</c.bg_transparent>
<c.bg_transparent>मुझे मेरा बेटा कौन देगा?</c.bg_transparent>"
17;110151;112570;"<c.bg_transparent>यार्ल बोर्ग की रियासत</c.bg_transparent>
<c.bg_transparent>गोटलैंड, स्वीडन</c.bg_transparent>"
18;130171;133174;"<c.bg_transparent>आज रात एक घुड़सवार भेजो</c.bg_transparent>
<c.bg_transparent>और वह सुबह तक लौट आएगा।</c.bg_transparent>"
19;133258;136052;"<c.bg_transparent>वो हमें खुद को सुखाने और</c.bg_transparent>
<c.bg_transparent>गर्म होने क्यों नहीं दे रहा है?</c.bg_transparent>"
20;137137;139305;"<c.bg_transparent>अगर मैं ऐसे ही रहा, तो मुझे ज़ंग लग जाएगी।</c.bg_transparent>"
21;139389;141850;"<c.bg_transparent>यह यार्ल बोर्ग कैसा आदमी है?</c.bg_transparent>"
22;142809;145728;"<c.bg_transparent>यह मेहमानों के साथ व्यवहार करने का</c.bg_transparent>
<c.bg_transparent>सही तरीका नहीं है, फिर चाहे कोई भी हो।</c.bg_transparent>"
23;146062;148189;"<c.bg_transparent>ख़ासकर अगर मेहमान</c.bg_transparent>
<c.bg_transparent>कई दिनों की यात्रा करके आए हों।</c.bg_transparent>"
24;167375;169627;"<c.bg_transparent>क्या तुम लोग राजा होरिक के दूत हो?</c.bg_transparent>"
25;171796;173882;"<c.bg_transparent>एक बात बता दूँ, तुम अपना समय बर्बाद</c.bg_transparent>
<c.bg_transparent>कर रहे हो।</c.bg_transparent>"
26;173965;177427;"<c.bg_transparent>यह मेरी भूमि है,</c.bg_transparent>
<c.bg_transparent>और मुझे यह वापस चाहिए।</c.bg_transparent>"
27;177510;178803;"<c.bg_transparent>बस मुझे यही कहना है।</c.bg_transparent>"
28;179387;181139;"<c.bg_transparent>वह तुम से लड़ाई खत्म करना चाहते हैं</c.bg_transparent>"
29;181681;185101;"<c.bg_transparent>और किसी तरह का समझौता करना चाहते हैं।</c.bg_transparent>"
30;185184;187770;"<c.bg_transparent>उससे कहो, अगर वह मेरी भूमि छोड़ देता है,</c.bg_transparent>
<c.bg_transparent>तो हमारे बीच शांति कायम हो सकती है।</c.bg_transparent>"
31;189522;191232;"<c.bg_transparent>पर उसके बिना नहीं।</c.bg_transparent>"
32;194736;197363;"<c.bg_transparent>तुम अमन कैसे कायम कर सकते हो, यार्ल बोर्ग,</c.bg_transparent>"
33;198323;200199;"<c.bg_transparent>अगर तुम उसे अपमानित करने पर तुले रहे?</c.bg_transparent>"
34;200575;204954;"<c.bg_transparent>अगर मैं हमला करके उसे हरा दूँ,</c.bg_transparent>
<c.bg_transparent>तो क्या उसका अधिक अपमान नहीं होगा?</c.bg_transparent>"
35;205830;206873;"<c.bg_transparent>अगर वह अच्छे से लड़े, तो नहीं।</c.bg_transparent>"
36;208541;209751;"<c.bg_transparent>जो भी हो,</c.bg_transparent>"
37;210668;214088;"<c.bg_transparent>मुझे नहीं लगता वो लड़ाई चाहेंगे।</c.bg_transparent>"
38;228019;229395;"<c.bg_transparent>तुम्हारा नाम क्या है?</c.bg_transparent>"
39;231064;232607;"<c.bg_transparent>रैगनार लोथब्रोक।</c.bg_transparent>"
40;233983;236027;"<c.bg_transparent>तुम वही रैगनार लोथब्रोक हो,</c.bg_transparent>"
41;236903;238446;"<c.bg_transparent>जिसने पश्चिम की यात्रा की?</c.bg_transparent>"
42;240323;242283;"<c.bg_transparent>मुझे हैरानी हुई</c.bg_transparent>
<c.bg_transparent>कि तुमने उस बारे में सुना है।</c.bg_transparent>"
43;245119;246704;"<c.bg_transparent>तुम्हें क्यों हैरानी हुई?</c.bg_transparent>"
44;247830;249791;"<c.bg_transparent>तुम्हारे कारनामे हर किसी ने सुने हैं।</c.bg_transparent>"
45;257257;260051;"<c.bg_transparent>हमने अपने मेहमानों को</c.bg_transparent>
<c.bg_transparent>सूखे कपड़े और खाना क्यों नहीं दिया?</c.bg_transparent>"
46;261261;262887;"<c.bg_transparent>इन लोगों का अच्छे से ध्यान रखो।</c.bg_transparent>"
47;263221;266140;"<c.bg_transparent>इन्हें शराब दो, इन्हें खुद को सुखाने दो,</c.bg_transparent>
<c.bg_transparent>खाना दो।</c.bg_transparent>"
48;267016;270186;"<c.bg_transparent>कल, हम दोनों दोबारा बात करेंगे,</c.bg_transparent>
<c.bg_transparent>रैगनार लोथब्रोक।</c.bg_transparent>"
49;295378;297672;"<c.bg_transparent>आपने तीन दिन से कुछ नहीं खाया है।</c.bg_transparent>"
50;312186;313438;"<c.bg_transparent>सुन रही हैं?</c.bg_transparent>"
51;317025;318443;"<c.bg_transparent>मेरे दिमाग में कुछ डर हैं।</c.bg_transparent>"
52;322989;324157;"<c.bg_transparent>साधु के पास जाओ,</c.bg_transparent>"
53;324782;326576;"<c.bg_transparent>और पूछो कि आपके डर सच होंगे क्या।</c.bg_transparent>"
54;327368;329662;"<c.bg_transparent>भविष्य न जानना कई बार बेहतर रहता है।</c.bg_transparent>"
55;332498;334542;"<c.bg_transparent>जो तुमने कल कहा, उससे मैं यह समझा,</c.bg_transparent>"
56;334625;336252;"<c.bg_transparent>कि राजा होरिक समझौते के लिए तैयार है</c.bg_transparent>"
57;336335;339130;"<c.bg_transparent>और मेरी उन ज़मीनों के लिए</c.bg_transparent>
<c.bg_transparent>कोई सौदा पेश करना चाहता है,</c.bg_transparent>"
58;339672;341049;"<c.bg_transparent>जो अभी भी उसके कब्ज़े में हैं?</c.bg_transparent>"
59;341257;345053;"<c.bg_transparent>वह तुम्हें उनकी कीमत देने को तैयार हैं</c.bg_transparent>
<c.bg_transparent>ताकि तुम अपना अवैध दावा छोड़ दो...</c.bg_transparent>"
60;345303;346512;"<c.bg_transparent>उसकी भूमियों पर।</c.bg_transparent>"
61;346929;348931;"<c.bg_transparent>अब तुमने मुझे निराश किया, रैगनार लोथब्रोक।</c.bg_transparent>"
62;349015;350725;"<c.bg_transparent>मैंने सोचा, तुम स्पष्ट उद्देश्य से आए थे।</c.bg_transparent>"
63;350808;352310;"<c.bg_transparent>क्या तुम अपनी कीमत बताओगे?</c.bg_transparent>"
64;352393;353644;"<c.bg_transparent>वह भूमि अनमोल है।</c.bg_transparent>"
65;354979;357648;"<c.bg_transparent>इसीलिए राजा होरिक उस पर</c.bg_transparent>
<c.bg_transparent>अपना अधिकार चाहता है।</c.bg_transparent>"
66;357732;361194;"<c.bg_transparent>भूमि के हर हिस्से की कीमत होती है,</c.bg_transparent>
<c.bg_transparent>हर इंसान की तरह।</c.bg_transparent>"
67;361444;362862;"<c.bg_transparent>खैर, तुम नहीं समझोगे।</c.bg_transparent>"
68;362945;366657;"<c.bg_transparent>यह शलगम और प्याज़ उगाने वाला</c.bg_transparent>
<c.bg_transparent>कोई खेत नहीं है।</c.bg_transparent>"
69;367533;369410;"<c.bg_transparent>हम एक विशाल भू-पट्टी की बात कर रहे हैं,</c.bg_transparent>"
70;369494;372872;"<c.bg_transparent>और उस भूमि पर, धरती में,</c.bg_transparent>
<c.bg_transparent>खनिज पदार्थ, बहुमूल्य चीज़ें हैं।</c.bg_transparent>"
71;373414;376084;"<c.bg_transparent>नहीं तो मैं दावा क्यों करता?</c.bg_transparent>"
72;376375;378169;"<c.bg_transparent>राजा होरिक तुम्हारे दावे के खिलाफ़ हैं,</c.bg_transparent>"
73;378628;380880;"<c.bg_transparent>पर फिर भी, ईमानदारी से,</c.bg_transparent>"
74;381631;383424;"<c.bg_transparent>वह तुम्हारे साथ समझौता करना चाहते हैं।</c.bg_transparent>"
75;383758;385843;"<c.bg_transparent>अगर तुम उचित कीमत बोलो।</c.bg_transparent>"
76;388346;391432;"<c.bg_transparent>इस समय, मेरी कीमत है, राजा होरिक का सर।</c.bg_transparent>"
77;394268;395520;"<c.bg_transparent>तो, अगर ऐसा है,</c.bg_transparent>"
78;396604;397980;"<c.bg_transparent>लगता है मेरी बात खत्म हुई।</c.bg_transparent>"
79;398731;400733;"<c.bg_transparent>रुको, कृपया, बैठो।</c.bg_transparent>"
80;402944;404737;"<c.bg_transparent>देखते हैं अगर कोई और रास्ता निकल जाए।</c.bg_transparent>"
81;405738;407031;"<c.bg_transparent>तुम्हारे दिमाग में क्या है?</c.bg_transparent>"
82;407365;409117;"<c.bg_transparent>अगर मेरा दावा मान लिया जाए,</c.bg_transparent>"
83;409200;412370;"<c.bg_transparent>और मैं राजा को जीवनभर के लिए</c.bg_transparent>
<c.bg_transparent>भूमि किराए पर दे दूं तो?</c.bg_transparent>"
84;412870;415748;"<c.bg_transparent>या अगर मालिकाना हक़ का फैसला टाल दिया जाए,</c.bg_transparent>"
85;415832;417625;"<c.bg_transparent>पर हम खनिज पदार्थों का</c.bg_transparent>
<c.bg_transparent>बराबर हक बांट लें तो?</c.bg_transparent>"
86;419544;420628;"<c.bg_transparent>क्या बोलते हो?</c.bg_transparent>"
87;421629;423339;"<c.bg_transparent>क्या हम इस तरीके से मोलभाव करना</c.bg_transparent>
<c.bg_transparent>शुरू कर सकते हैं?</c.bg_transparent>"
88;427051;428010;"<c.bg_transparent>क्यों नहीं?</c.bg_transparent>"
89;431806;433724;"<c.bg_transparent>मुझे अधिकार नहीं दिया गया है...</c.bg_transparent>"
90;434684;437603;"<c.bg_transparent>इस तरीके से मोलभाव करने का।</c.bg_transparent>"
91;437687;440565;"<c.bg_transparent>मतलब राजा होरिक ने तुम्हें यहाँ</c.bg_transparent>
<c.bg_transparent>कीमत पता करने के लिए भेजा है और कुछ नहीं?</c.bg_transparent>"
92;442108;444068;"<c.bg_transparent>और फिर भी वह अमन की बात करता है!</c.bg_transparent>"
93;444861;446612;"<c.bg_transparent>मुझे नहीं पता कि उनके दिमाग में क्या है।</c.bg_transparent>"
94;447071;449157;"<c.bg_transparent>तो, शायद तुम्हें उससे पूछना चाहिए।</c.bg_transparent>"
95;454579;455997;"<c.bg_transparent>मैं एक सुझाव देता हूँ।</c.bg_transparent>"
96;456497;457957;"<c.bg_transparent>तुम एक आदमी को वहाँ क्यों नहीं भेजते</c.bg_transparent>"
97;458040;460543;"<c.bg_transparent>ताकि वह मामला सुलझाने के लिए</c.bg_transparent>
<c.bg_transparent>राजा होरिक को मेरे सुझाव बता सके?</c.bg_transparent>"
98;461169;462587;"<c.bg_transparent>हाँ, अगर तुम्हें लगता है</c.bg_transparent>
<c.bg_transparent>इससे काम बन जाएगा।</c.bg_transparent>"
99;462837;465173;"<c.bg_transparent>ठीक है। तुम्हारे दूत को कई दिन लगेंगे।</c.bg_transparent>"
100;465631;467383;"<c.bg_transparent>तो, तब तक, तुम और तुम्हारे आदमी</c.bg_transparent>"
101;467467;469969;"<c.bg_transparent>हमारा मशहूर प्रभूर्ज वृक्ष</c.bg_transparent>
<c.bg_transparent>क्यों नहीं देखते।</c.bg_transparent>"
102;470052;473598;"<c.bg_transparent>वह सिर्फ़ अपने आकार की वजह से मशहूर</c.bg_transparent>
<c.bg_transparent>नहीं है, बल्कि उसके पत्ते कभी नहीं झड़ते,</c.bg_transparent>"
103;473681;474807;"<c.bg_transparent>गर्मी हो या सर्दी।</c.bg_transparent>"
104;475892;478352;"<c.bg_transparent>कुछ लोग उसे एगड्रासील भी कहते हैं,</c.bg_transparent>"
105;478436;480188;"<c.bg_transparent>आसमान को पकड़ कर रखने वाला पेड़।</c.bg_transparent>"
106;480646;482607;"<c.bg_transparent>और मैं तुम्हें एक साथी भी दे दूंगा।</c.bg_transparent>"
107;482899;484942;"<c.bg_transparent>बस मेरी एक छोटी सी विनती है।</c.bg_transparent>"
108;485026;488946;"<c.bg_transparent>मैं चाहता हूँ कि तुम्हारा एक आदमी</c.bg_transparent>
<c.bg_transparent>यहाँ जमानत के तौर पर रहे।</c.bg_transparent>"
109;489030;490615;"<c.bg_transparent>तुम समझ रहे हो, उम्मीद है?</c.bg_transparent>"
110;496913;498915;"<c.bg_transparent>मेरा भाई रोलो रुकेगा।</c.bg_transparent>"
111;507048;508341;"<c.bg_transparent>फ्लोकी!</c.bg_transparent>"
112;520811;522563;"<c.bg_transparent>तो हमें कितनी देर तक यात्रा करनी होगी?</c.bg_transparent>"
113;523064;525274;"<c.bg_transparent>वृक्ष तक पहुंचने के लिए</c.bg_transparent>
<c.bg_transparent>हमें तीन दिन लग सकते हैं।</c.bg_transparent>"
114;528528;530029;"<c.bg_transparent>शायद बारिश होने वाली है।</c.bg_transparent>"
115;534534;535618;"<c.bg_transparent>आओ।</c.bg_transparent>"
116;547505;548798;"<c.bg_transparent>क्यों आई हो?</c.bg_transparent>"
117;548881;551050;"<c.bg_transparent>मुझे अपने पति की चिंता हो रही है।</c.bg_transparent>"
118;551592;554220;"<c.bg_transparent>तुम्हें लगता है कि तुम्हारे पति को</c.bg_transparent>
<c.bg_transparent>किसी तरह का ख़तरा है?</c.bg_transparent>"
119;556097;559725;"<c.bg_transparent>मैंने कुछ अजीब और</c.bg_transparent>
<c.bg_transparent>परेशान करने वाले सपने देखे।</c.bg_transparent>"
120;560184;561769;"<c.bg_transparent>तुम्हारे सपनों में क्या दिखता है?</c.bg_transparent>"
121;562520;565565;"<c.bg_transparent>रात में मेरे पास कुछ काली आकृतियाँ</c.bg_transparent>
<c.bg_transparent>आती हैं।</c.bg_transparent>"
122;566440;567984;"<c.bg_transparent>राक्षस जैसी।</c.bg_transparent>"
123;568901;572613;"<c.bg_transparent>जब मैं उठती हूँ,</c.bg_transparent>
<c.bg_transparent>वो परछाई में गुम हो जाती हैं, निराकार,</c.bg_transparent>"
124;572697;576701;"<c.bg_transparent>पर सोते ही वो फिर सामने आ जाती हैं।</c.bg_transparent>"
125;577034;577910;"<c.bg_transparent>आह, ठीक।</c.bg_transparent>"
126;579620;581872;"<c.bg_transparent>परछाईयां हेल के हॉल से आती हैं।</c.bg_transparent>"
127;583040;586043;"<c.bg_transparent>उन्हें कोई बहका नहीं सकता, भगवान भी नहीं।</c.bg_transparent>"
128;586586;588170;"<c.bg_transparent>वो क्या चाहती हैं?</c.bg_transparent>"
129;590131;591841;"<c.bg_transparent>तुमसे कुछ लेना।</c.bg_transparent>"
130;592592;593759;"<c.bg_transparent>मेरी जान?</c.bg_transparent>"
131;593843;597430;"<c.bg_transparent>नहीं, कुछ जो तुम्हारे लिए</c.bg_transparent>
<c.bg_transparent>उससे भी महत्वपूर्ण है।</c.bg_transparent>"
132;598222;600057;"<c.bg_transparent>मेरे पति की जान?</c.bg_transparent>"
133;603728;604979;"<c.bg_transparent>बताओ।</c.bg_transparent>"
134;605313;610109;"<c.bg_transparent>तुम सब मुझ पर दबाव डालकर</c.bg_transparent>
<c.bg_transparent>मुझे दु:ख में क्यों धकेलते हो?</c.bg_transparent>"
135;612153;614071;"<c.bg_transparent>तुम्हारे पति को ख़तरा है,</c.bg_transparent>"
136;614697;616282;"<c.bg_transparent>पर जान का नहीं।</c.bg_transparent>"
137;617199;620077;"<c.bg_transparent>उसे जादुई दुनिया से ख़तरा है।</c.bg_transparent>"
138;621996;623331;"<c.bg_transparent>कैसे?</c.bg_transparent>"
139;627043;628419;"<c.bg_transparent>मुझे जवाब दो।</c.bg_transparent>"
140;628502;631589;"<c.bg_transparent>मैं कुछ कहना नहीं चाहता था</c.bg_transparent>
<c.bg_transparent>और कहूँगा कि अब और नहीं!</c.bg_transparent>"
141;653736;655071;"<c.bg_transparent>तो, रोलो,</c.bg_transparent>"
142;655988;657615;"<c.bg_transparent>तुम्हारे भाई के साथ</c.bg_transparent>
<c.bg_transparent>तुम्हारा रिश्ता कैसा है?</c.bg_transparent>"
143;659950;661285;"<c.bg_transparent>अच्छा है।</c.bg_transparent>"
144;661952;663079;"<c.bg_transparent>क्यों न हो?</c.bg_transparent>"
145;664997;667875;"<c.bg_transparent>कोई कारण नहीं है।</c.bg_transparent>
<c.bg_transparent>पर सभी भाइयों का रिश्ता अच्छा नहीं होता।</c.bg_transparent>"
146;668459;670336;"<c.bg_transparent>मेरा व्यक्तिगत अनुभव है।</c.bg_transparent>"
147;671796;673047;"<c.bg_transparent>क्या मतलब?</c.bg_transparent>"
148;674757;676050;"<c.bg_transparent>मेरा भी एक भाई था।</c.bg_transparent>"
149;676801;677676;"<c.bg_transparent>मुझे बहुत प्यारा था।</c.bg_transparent>"
150;679804;682306;"<c.bg_transparent>हम बहुत करीब थे, जैसे सगे भाई होते हैं।</c.bg_transparent>"
151;682723;684558;"<c.bg_transparent>हम ढाल-दीवार में साथ लड़े।</c.bg_transparent>"
152;684642;686394;"<c.bg_transparent>हमने महिलाएं सांझा की।</c.bg_transparent>"
153;688354;692149;"<c.bg_transparent>जब मेरे पिता का क़त्ल हुआ, उनकी जगह</c.bg_transparent>
<c.bg_transparent>यार्ल बनने के लिए कड़ा संघर्ष था।</c.bg_transparent>"
154;692608;696695;"<c.bg_transparent>हालांकि मैं उनका सबसे बड़ा बेटा था,</c.bg_transparent>
<c.bg_transparent>मैं नहीं जानता था कि मुझे सफलता मिलेगी।</c.bg_transparent>"
155;697738;701409;"<c.bg_transparent>मगर, मुझे चुन लिया गया। उत्सव का माहौल था।</c.bg_transparent>"
156;701826;703285;"<c.bg_transparent>मेरी पत्नी वहाँ थी।</c.bg_transparent>"
157;704453;706038;"<c.bg_transparent>मेरी जवान, सुंदर पत्नी।</c.bg_transparent>"
158;707081;708416;"<c.bg_transparent>हमारी नई-नई शादी हुई थी।</c.bg_transparent>"
159;710042;712461;"<c.bg_transparent>और बाकी सब भी जो चुनाव में</c.bg_transparent>
<c.bg_transparent>मेरे खिलाफ़ खड़े थे।</c.bg_transparent>"
160;715589;717425;"<c.bg_transparent>मेरे भाई ने उन्हें ज़हर दे दिया...</c.bg_transparent>"
161;718968;720010;"<c.bg_transparent>सभी को।</c.bg_transparent>"
162;721554;723264;"<c.bg_transparent>केवल मैं बचा क्योंकि...</c.bg_transparent>"
163;725391;727435;"<c.bg_transparent>जिस कप से मुझे पीना था,</c.bg_transparent>
<c.bg_transparent>मेरी पत्नी ने ले लिया</c.bg_transparent>"
164;727518;729770;"<c.bg_transparent>और जश्न मनाते हुए खुद पी गई।</c.bg_transparent>"
165;731981;734150;"<c.bg_transparent>मैं उसकी चीखें कभी नहीं भूलूँगा।</c.bg_transparent>"
166;735568;739697;"<c.bg_transparent>मेरी पत्नी की चीखें मुझे ज़िंदगी भर</c.bg_transparent>
<c.bg_transparent>तंग करेंगी।</c.bg_transparent>"
167;743200;747496;"<c.bg_transparent>मेरे भाई ने उसकी ज़िम्मेदारी नहीं ली,</c.bg_transparent>
<c.bg_transparent>पर उसका अपराध बोध स्पष्ट था।</c.bg_transparent>"
168;747580;750040;"<c.bg_transparent>तो मैंने उसे अपने हाथों से अंधा कर दिया,</c.bg_transparent>"
169;750583;752835;"<c.bg_transparent>और फिर उसे ज़िंदा जला दिया।</c.bg_transparent>"
170;757173;760176;"<c.bg_transparent>भाइयों के बीच प्रेम के बारे में</c.bg_transparent>
<c.bg_transparent>मैं बस इतना जानता हूँ।</c.bg_transparent>"
171;764305;767766;"<c.bg_transparent>रैगनार कभी ऐसा नहीं करेगा।</c.bg_transparent>"
172;767850;769310;"<c.bg_transparent>सच में नहीं करेगा।</c.bg_transparent>"
173;770686;772771;"<c.bg_transparent>नहीं, तुम्हारा भाई अलग है।</c.bg_transparent>"
174;773731;775733;"<c.bg_transparent>तुम्हारा भाई महान आदमी है,</c.bg_transparent>"
175;777234;779278;"<c.bg_transparent>एक महान योद्धा।</c.bg_transparent>"
176;780404;781614;"<c.bg_transparent>जैसा कि मैं हूँ।</c.bg_transparent>"
177;784241;785618;"<c.bg_transparent>मुझे यकीन है कि तुम हो।</c.bg_transparent>"
178;787953;789747;"<c.bg_transparent>और फिर भी मैंने</c.bg_transparent>
<c.bg_transparent>तुम्हारे बारे में नहीं सुना।</c.bg_transparent>"
179;802426;804220;"<c.bg_transparent>हमारा कैंप यहाँ बनेगा।</c.bg_transparent>"
180;804845;807348;"<c.bg_transparent>धारा के ऊपर की ओर</c.bg_transparent>
<c.bg_transparent>मछली पकड़ने की अच्छी जगह है, झरने के नीचे।</c.bg_transparent>"
181;807431;808724;"<c.bg_transparent>मैं जाऊंगा।</c.bg_transparent>"
182;809350;810476;"<c.bg_transparent>और मैं भी,</c.bg_transparent>"
183;811143;812811;"<c.bg_transparent>क्योंकि सब जानते हैं...</c.bg_transparent>"
184;813312;815022;"<c.bg_transparent>तीन आँखें एक से बेहतर होती हैं।</c.bg_transparent>"
185;857481;859233;"<c.bg_transparent>तुम! नज़रें हटाओ!</c.bg_transparent>"
186;860025;861443;"<c.bg_transparent>-तुम लोग कौन हो?</c.bg_transparent>
<c.bg_transparent>-नज़रें हटाओ!</c.bg_transparent>"
187;863487;865030;"<c.bg_transparent>हमें क्या देखना चाहिए?</c.bg_transparent>"
188;865406;868200;"<c.bg_transparent>मैं अंधा हूँ! देखा? मैं कुछ नहीं देख सकता!</c.bg_transparent>"
189;873122;874373;"<c.bg_transparent>अर्ने!</c.bg_transparent>"
190;874665;876876;"<c.bg_transparent>क्या? हमारी स्वामिनी की मर्यादा की</c.bg_transparent>
<c.bg_transparent>रक्षा करने के लिए</c.bg_transparent>"
191;876959;878794;"<c.bg_transparent>तुम हमें मारने की कोशिश करना चाहते हो?</c.bg_transparent>"
192;879211;880379;"<c.bg_transparent>तुम्हें शर्म आनी चाहिए!</c.bg_transparent>"
193;880462;883215;"<c.bg_transparent>हम तुम्हारी स्वामिनी की ओर गलती से आ गए।</c.bg_transparent>"
194;884258;885551;"<c.bg_transparent>हम यहाँ अजनबी हैं,</c.bg_transparent>"
195;886010;888637;"<c.bg_transparent>महान प्रभूर्ज वृक्ष देखने जा रहे हैं,</c.bg_transparent>
<c.bg_transparent>यार्ल बोर्ग के मेहमान हैं।</c.bg_transparent>"
196;888721;891432;"<c.bg_transparent>यार्ल बोर्ग? तुमने पहले क्यों नहीं बताया?</c.bg_transparent>"
197;892016;893976;"<c.bg_transparent>तो हम अपने घोड़ों के पास वापस जाते हैं।</c.bg_transparent>"
198;899982;901442;"<c.bg_transparent>तुमने मुझे छुपकर देखा।</c.bg_transparent>"
199;906280;907615;"<c.bg_transparent>हमारा मकसद नुकसान पहुंचाना नहीं था।</c.bg_transparent>"
200;908115;910618;"<c.bg_transparent>ये कह रहे हैं</c.bg_transparent>
<c.bg_transparent>कि ये यार्ल बोर्ग के मेहमान हैं।</c.bg_transparent>"
201;912536;913787;"<c.bg_transparent>क्या तुम अकेले हो?</c.bg_transparent>"
202;914330;916999;"<c.bg_transparent>हम अर्ल रैगनार लोथब्रोक के साथ</c.bg_transparent>
<c.bg_transparent>यात्रा कर रहे हैं।</c.bg_transparent>"
203;919376;923047;"<c.bg_transparent>तो मेरे ख़याल से अर्ल रैगनार लोथब्रोक को</c.bg_transparent>
<c.bg_transparent>तुम्हारी ओर से मुझसे माफ़ी मांगनी चाहिए।</c.bg_transparent>"
204;924006;925174;"<c.bg_transparent>तुम्हें नहीं लगता?</c.bg_transparent>"
205;929887;931430;"<c.bg_transparent>मुझे पता नहीं था...</c.bg_transparent>"
206;932348;935059;"<c.bg_transparent>ताज़ा मछली भी नमक में लिपटी होती है।</c.bg_transparent>"
207;937269;938979;"<c.bg_transparent>सुनो, हमारी गलती नहीं है।</c.bg_transparent>"
208;939480;942358;"<c.bg_transparent>हमने बस उसे नहाते देखा।</c.bg_transparent>
<c.bg_transparent>हम क्या करते?</c.bg_transparent>"
209;943442;944401;"<c.bg_transparent>मछली पकड़ते।</c.bg_transparent>"
210;944735;946362;"<c.bg_transparent>तुमने उसे नहीं देखा, रैगनार।</c.bg_transparent>"
211;947321;948822;"<c.bg_transparent>तो तुमने गाल पर चोट खाई,</c.bg_transparent>"
212;949281;951700;"<c.bg_transparent>और मुझे माफ़ी मांगनी है,</c.bg_transparent>"
213;952076;954995;"<c.bg_transparent>इसलिए कि तुमने नंगे बदन को देखा?</c.bg_transparent>"
214;955871;957289;"<c.bg_transparent>यही उसने कहा।</c.bg_transparent>"
215;958207;961627;"<c.bg_transparent>अपने नंगे बदन का इतना अधिक</c.bg_transparent>
<c.bg_transparent>मूल्य लगाने वाली, वह है कौन वैसे?</c.bg_transparent>"
216;961710;962920;"<c.bg_transparent>हमने पूछा नहीं।</c.bg_transparent>"
217;968092;969301;"<c.bg_transparent>मुझे दिलचस्पी है।</c.bg_transparent>"
218;970177;971428;"<c.bg_transparent>इसमें क्या दिलचस्प है?</c.bg_transparent>"
219;972179;974765;"<c.bg_transparent>कभी-कभी भगवान परीक्षा के तौर पर</c.bg_transparent>"
220;974848;975849;"<c.bg_transparent>चीज़ें हमारे सामने लाते हैं।</c.bg_transparent>"
221;976934;980729;"<c.bg_transparent>उसने मुझे चुनौती दी है</c.bg_transparent>
<c.bg_transparent>और मैं इसके लिए तैयार हूँ।</c.bg_transparent>"
222;980813;983899;"<c.bg_transparent>देखो, मझे तुम्हारे बताए उसके सौन्दर्य में</c.bg_transparent>
<c.bg_transparent>इतनी दिलचस्पी नहीं है,</c.bg_transparent>"
223;983983;985859;"<c.bg_transparent>जितनी मुझे, मेरे हिसाब से,</c.bg_transparent>
<c.bg_transparent>उसकी समझदारी में है।</c.bg_transparent>"
224;986318;989196;"<c.bg_transparent>तो उसे कहो,</c.bg_transparent>
<c.bg_transparent>मैंने उसे हमसे मिलने का न्योता भेजा है।</c.bg_transparent>"
225;990531;993701;"<c.bg_transparent>न ही कपड़े पहने हुए न बिना कपड़ों के।</c.bg_transparent>"
226;997413;998539;"<c.bg_transparent>और क्या?</c.bg_transparent>"
227;998914;1002001;"<c.bg_transparent>न ही भूखे, न भरे पेट,</c.bg_transparent>"
228;1002960;1007089;"<c.bg_transparent>न ही किसी के साथ न अकेले।</c.bg_transparent>"
229;1009133;1011510;"<c.bg_transparent>क्या सब याद रख सकते हो, एक आँख वाले?</c.bg_transparent>"
230;1015806;1017307;"<c.bg_transparent>साधु ने आपको क्या बताया?</c.bg_transparent>"
231;1018559;1021729;"<c.bg_transparent>वह बोला कि यह सही है</c.bg_transparent>
<c.bg_transparent>कि रैगनार किसी खतरे में है।</c.bg_transparent>"
232;1023439;1024690;"<c.bg_transparent>किस से?</c.bg_transparent>"
233;1026400;1027693;"<c.bg_transparent>मुझे नहीं पता।</c.bg_transparent>"
234;1035367;1036618;"<c.bg_transparent>आपको क्या लगता है?</c.bg_transparent>"
235;1043792;1046170;"<c.bg_transparent>मुझे लगता कि उसे खुद से खतरा है।</c.bg_transparent>"
236;1053719;1056722;"<c.bg_transparent>-क्या तुमने पहले कभी एगड्रासील देखा है?</c.bg_transparent>
<c.bg_transparent>-नहीं।</c.bg_transparent>"
237;1067941;1069735;"<c.bg_transparent>तो, अर्ल रैगनार,</c.bg_transparent>"
238;1069818;1071695;"<c.bg_transparent>जैसे तुमने चाहा मैं वैसे आई।</c.bg_transparent>"
239;1072029;1074281;"<c.bg_transparent>न कपड़ों में न बिना कपड़ों के,</c.bg_transparent>"
240;1074490;1076450;"<c.bg_transparent>न भूखे न भरे पेट,</c.bg_transparent>"
241;1076867;1079495;"<c.bg_transparent>न अकेले न ही किसी के साथ।</c.bg_transparent>"
242;1080454;1082039;"<c.bg_transparent>क्या मैं तुम्हारी परीक्षा में सफल हुई?</c.bg_transparent>"
243;1082623;1084208;"<c.bg_transparent>मैं तुमसे माफी मांगता हूँ।</c.bg_transparent>"
244;1084666;1085918;"<c.bg_transparent>मैं स्वीकार करती हूँ।</c.bg_transparent>"
245;1092591;1096095;"<c.bg_transparent>क्या मैं तुम्हें नमक वाली</c.bg_transparent>
<c.bg_transparent>बेस्वाद मछली का प्रस्ताव दे सकता हूँ?</c.bg_transparent>"
246;1098388;1099848;"<c.bg_transparent>मैं खाने को बेताब हूँ।</c.bg_transparent>"
247;1100641;1102434;"<c.bg_transparent>ताज़ा मछली से ऊब भी सकते हैं।</c.bg_transparent>"
248;1106271;1107356;"<c.bg_transparent>आओ।</c.bg_transparent>"
249;1119701;1121245;"<c.bg_transparent>कृपया बैठो।</c.bg_transparent>"
250;1124456;1125833;"<c.bg_transparent>मैं तुम्हारा नाम पूछ सकता हूँ?</c.bg_transparent>"
251;1126583;1128168;"<c.bg_transparent>मेरा नाम ऐसलॉग है।</c.bg_transparent>"
252;1129378;1131922;"<c.bg_transparent>हम महान प्रभूर्ज वृक्ष देखने जा रहे हैं।</c.bg_transparent>"
253;1133132;1134216;"<c.bg_transparent>बिल्कुल।</c.bg_transparent>"
254;1135634;1137177;"<c.bg_transparent>तुम हमारे साथ चल सकती हो।</c.bg_transparent>"
255;1142182;1144601;"<c.bg_transparent>साथ चलोगी, ऐसलॉग?</c.bg_transparent>"
256;1159116;1161160;"<c.bg_transparent>-सिग्गी, क्या हुआ?</c.bg_transparent>
<c.bg_transparent>-नहीं, कुछ नहीं।</c.bg_transparent>"
257;1165414;1167791;"<c.bg_transparent>मैं कुछ दिन पहले एक रिश्तेदार से मिली।</c.bg_transparent>"
258;1168625;1170586;"<c.bg_transparent>उसने हाल ही में</c.bg_transparent>
<c.bg_transparent>अपने जवान बेटे को दफ़नाया था।</c.bg_transparent>"
259;1171587;1172963;"<c.bg_transparent>वह कैसे मरा?</c.bg_transparent>"
260;1176091;1179219;"<c.bg_transparent>वह ठीक था, और अगले दिन,</c.bg_transparent>
<c.bg_transparent>उसे बुख़ार हो गया</c.bg_transparent>"
261;1179303;1183640;"<c.bg_transparent>जिससे उसे पसीना आने लगा</c.bg_transparent>
<c.bg_transparent>और वह रात को रोने लगा, और अगले दिन...</c.bg_transparent>"
262;1185142;1186643;"<c.bg_transparent>उसने उसे दफ़ना दिया।</c.bg_transparent>"
263;1246578;1248455;"<c.bg_transparent>पर अगर यह ऐगड्रासील है,</c.bg_transparent>"
264;1248830;1252793;"<c.bg_transparent>तो यह वही वृक्ष होना चाहिए जिस पर एक बार</c.bg_transparent>
<c.bg_transparent>ओडिन देवता ने खुद को लटकाया था।</c.bg_transparent>"
265;1254169;1255087;"<c.bg_transparent>क्यों नहीं?</c.bg_transparent>"
266;1256296;1257798;"<c.bg_transparent>हर चीज़ मुमकिन है।</c.bg_transparent>"
267;1271687;1277150;"<c.bg_transparent>"मैं एक हवा से झुके वृक्ष पर</c.bg_transparent>
<c.bg_transparent>नौ लंबी रातों तक लटका रहा,</c.bg_transparent>"
268;1277442;1280696;"<c.bg_transparent>भाले से ज़ख़्मी, ओडिन को समर्पित,</c.bg_transparent>"
269;1281613;1284283;"<c.bg_transparent>उस वृक्ष पर जिसे कोई नहीं जानता</c.bg_transparent>"
270;1284950;1286910;"<c.bg_transparent>कि उसकी जड़ें कहाँ हैं।"</c.bg_transparent>"
271;1300340;1301717;"<c.bg_transparent>नहीं, कृपया।</c.bg_transparent>"
272;1303510;1305178;"<c.bg_transparent>मेरी बेटी का ध्यान रखो...</c.bg_transparent>"
273;1305721;1306638;"<c.bg_transparent>पहले।</c.bg_transparent>"
274;1307389;1308890;"<c.bg_transparent>सब ठीक है।</c.bg_transparent>"
275;1334583;1335751;"<c.bg_transparent>क्या हुआ, लड़के?</c.bg_transparent>"
276;1335834;1336918;"<c.bg_transparent>तुम्हें क्या लगता है?</c.bg_transparent>"
277;1337002;1339588;"<c.bg_transparent>मेरे पिता मूर्खों वाली हरकतें कर रहे हैं।</c.bg_transparent>"
278;1340213;1342424;"<c.bg_transparent>वह एक सुंदर महिला के साथ मज़े ले रहे हैं।</c.bg_transparent>"
279;1342507;1343592;"<c.bg_transparent>इसमें क्या मूर्खता है?</c.bg_transparent>"
280;1344343;1345761;"<c.bg_transparent>एक दिन तुम भी ऐसा ही करोगे।</c.bg_transparent>"
281;1346261;1349139;"<c.bg_transparent>अगर लेगर्था यहाँ होती, उन्हें मार देती।</c.bg_transparent>"
282;1349890;1351349;"<c.bg_transparent>तो अच्छा है कि वह नहीं है।</c.bg_transparent>"
283;1352768;1354019;"<c.bg_transparent>मेरी बात सुनो, मेरे दोस्त।</c.bg_transparent>"
284;1354352;1356563;"<c.bg_transparent>तुम्हारे माता-पिता</c.bg_transparent>
<c.bg_transparent>एक प्रसिद्ध जोड़ा हैं।</c.bg_transparent>"
285;1357022;1359608;"<c.bg_transparent>उन्हें एक दूसरे से प्रेम है। सब जानते हैं।</c.bg_transparent>"
286;1360108;1361151;"<c.bg_transparent>बूढ़े आदमी को मज़ा करते देख</c.bg_transparent>
<c.bg_transparent>ईर्ष्या मत करो,</c.bg_transparent>"
287;1361234;1362569;"<c.bg_transparent>इसमें किसी का नुकसान नहीं, है न?</c.bg_transparent>"
288;1390972;1393016;"<c.bg_transparent>मुझे उम्मीद है कि सब संतोषजनक है।</c.bg_transparent>"
289;1394476;1395811;"<c.bg_transparent>मुझे बढ़िया खिला रहे हो।</c.bg_transparent>"
290;1395894;1397145;"<c.bg_transparent>तुम महत्वपूर्ण मेहमान हो।</c.bg_transparent>"
291;1397229;1401233;"<c.bg_transparent>तुम्हारे भाई के लौटने तक</c.bg_transparent>
<c.bg_transparent>हम तुम्हारा ध्यान रखना चाहते हैं।</c.bg_transparent>"
292;1404027;1405654;"<c.bg_transparent>तुम हमेशा मेरे भाई की बात करते हो।</c.bg_transparent>"
293;1406113;1407614;"<c.bg_transparent>मेरे पास और क्या विकल्प है?</c.bg_transparent>"
294;1408198;1409825;"<c.bg_transparent>वह तुम्हारा अर्ल है।</c.bg_transparent>"
295;1415247;1417082;"<c.bg_transparent>आज रात दोनों में से कौन सी लेना चाहोगे?</c.bg_transparent>"
296;1419084;1420669;"<c.bg_transparent>दोनों ही क्यों नहीं ले लेते?</c.bg_transparent>"
297;1422504;1424297;"<c.bg_transparent>मुझे महिलाओं के रूप में घूस देने की</c.bg_transparent>
<c.bg_transparent>ज़रूरत नहीं।</c.bg_transparent>"
298;1429553;1431179;"<c.bg_transparent>तुम्हें क्या चाहिए, रोलो?</c.bg_transparent>"
299;1434099;1436184;"<c.bg_transparent>तुम्हें असल में क्या चाहिए?</c.bg_transparent>"
300;1441064;1443775;"<c.bg_transparent>राजा होरिक का राज्य</c.bg_transparent>
<c.bg_transparent>डेनमार्क</c.bg_transparent>"
301;1443859;1446695;"<c.bg_transparent>फेनरिर, विशाल भेड़िया,</c.bg_transparent>"
302;1446903;1449948;"<c.bg_transparent>जिसे रोकने का आदमी को</c.bg_transparent>
<c.bg_transparent>कोई भी तरीका नहीं मालूम था,</c.bg_transparent>"
303;1451241;1453451;"<c.bg_transparent>तो बौनों ने एक ज़ंजीर बनाई,</c.bg_transparent>"
304;1454661;1456121;"<c.bg_transparent>पर धातु से नहीं।</c.bg_transparent>"
305;1456997;1460000;"<c.bg_transparent>आदमी द्वारा बनाई कोई भी चीज़</c.bg_transparent>
<c.bg_transparent>फेनरिर को रोक नहीं सकती,</c.bg_transparent>"
306;1460709;1463461;"<c.bg_transparent>इसलिए उन्होंने उसे ऐसी चीज़ों से बनाया</c.bg_transparent>
<c.bg_transparent>जिन्हें हम देख नहीं सकते</c.bg_transparent>"
307;1464212;1466173;"<c.bg_transparent>और जिन्हें हम सुन नहीं सकते।</c.bg_transparent>"
308;1467090;1468800;"<c.bg_transparent>जैसे मछली की सांस,</c.bg_transparent>"
309;1469384;1471887;"<c.bg_transparent>आवाज़ जो एक बिल्ली चलते हुए पैदा करती है।</c.bg_transparent>"
310;1472345;1473513;"<c.bg_transparent>जड़ें...</c.bg_transparent>"
311;1474222;1475682;"<c.bg_transparent>एक पहाड़ की।</c.bg_transparent>"
312;1476433;1477601;"<c.bg_transparent>तुम्हें पता है?</c.bg_transparent>"
313;1478894;1480395;"<c.bg_transparent>बिल्कुल मुझे पता है!</c.bg_transparent>"
314;1480854;1482772;"<c.bg_transparent>मुझे यह चीज़ें दिलचस्प लगती हैं!</c.bg_transparent>"
315;1485692;1487777;"<c.bg_transparent>मैं यार्ल बोर्ग के बारे में पूछने आया था।</c.bg_transparent>"
316;1489613;1490780;"<c.bg_transparent>वह नहीं बेचेगा।</c.bg_transparent>"
317;1491698;1493074;"<c.bg_transparent>वह सौदा करना चाहता है।</c.bg_transparent>"
318;1493700;1496203;"<c.bg_transparent>मुझे सौदों में दिलचस्पी नहीं है।</c.bg_transparent>"
319;1498538;1500332;"<c.bg_transparent>इससे रैगनार के सामने मुश्किल पेश आएगी।</c.bg_transparent>"
320;1500415;1503293;"<c.bg_transparent>रैगनार सही नतीजे पर पहुंचेगा</c.bg_transparent>"
321;1503585;1505212;"<c.bg_transparent>और सही फैसला लेगा।</c.bg_transparent>"
322;1506046;1508423;"<c.bg_transparent>तुम्हें समझौते के विफल हो जाने की</c.bg_transparent>
<c.bg_transparent>कोई चिंता नहीं है?</c.bg_transparent>"
323;1512010;1513178;"<c.bg_transparent>देखो!</c.bg_transparent>"
324;1550298;1552342;"<c.bg_transparent>मैं मरने वाली हूँ।</c.bg_transparent>"
325;1553677;1556680;"<c.bg_transparent>नहीं, तुम ठीक हो जाओगी।</c.bg_transparent>"
326;1557847;1560892;"<c.bg_transparent>साधु को लगता है</c.bg_transparent>
<c.bg_transparent>कि कैटेगट में केवल वही है</c.bg_transparent>"
327;1560976;1562102;"<c.bg_transparent>जो भविष्यवाणी करने की शक्ति रखता है,</c.bg_transparent>"
328;1564145;1565397;"<c.bg_transparent>पर वह गलत है,</c.bg_transparent>"
329;1565814;1568316;"<c.bg_transparent>और मैं जानती हूँ</c.bg_transparent>
<c.bg_transparent>कि तुम्हारी मौत नहीं होगी।</c.bg_transparent>"
330;1574197;1577534;"<c.bg_transparent>मुझे तुम्हें सच बताना चाहिए</c.bg_transparent>
<c.bg_transparent>कि मैं असल में कौन हूँ।</c.bg_transparent>"
331;1580120;1581705;"<c.bg_transparent>मैं राजकुमारी ऐसलॉग हूँ।</c.bg_transparent>"
332;1582289;1584499;"<c.bg_transparent>मेरी माँ ढाल-योद्धा ब्रुनहिल्डा थी।</c.bg_transparent>"
333;1588586;1592215;"<c.bg_transparent>तुम्हारी माँ का यश सब जानते हैं।</c.bg_transparent>"
334;1593967;1595260;"<c.bg_transparent>पर मैं उनके जैसी नहीं हूँ।</c.bg_transparent>"
335;1596386;1597762;"<c.bg_transparent>मैं अलग हूँ।</c.bg_transparent>"
336;1599139;1600932;"<c.bg_transparent>मेरे माता-पिता की मौत हो चुकी है,</c.bg_transparent>"
337;1601766;1603518;"<c.bg_transparent>और मैं उन्हें जानती भी नहीं।</c.bg_transparent>"
338;1604102;1605937;"<c.bg_transparent>तुम मेरे साथ क्यों आई?</c.bg_transparent>"
339;1607647;1609190;"<c.bg_transparent>क्योंकि मेरे पास कोई विकल्प नहीं था।</c.bg_transparent>"
340;1622746;1624205;"<c.bg_transparent>तुमने ऐसा क्यों किया?</c.bg_transparent>"
341;1625582;1627208;"<c.bg_transparent>क्योंकि मेरे पास कोई विकल्प नहीं था।</c.bg_transparent>"
342;1677300;1678510;"<c.bg_transparent>मुझे आपसे नफ़रत है।</c.bg_transparent>"
343;1679719;1681346;"<c.bg_transparent>यह घिनौना है।</c.bg_transparent>"
344;1683556;1685100;"<c.bg_transparent>मैं स्वयं को रोक नहीं पाया।</c.bg_transparent>"
345;1685183;1686643;"<c.bg_transparent>क्या मैं लेगर्था को बताऊं,</c.bg_transparent>"
346;1687143;1688103;"<c.bg_transparent>आपकी पत्नी को?</c.bg_transparent>"
347;1688186;1689396;"<c.bg_transparent>अगर तुम बताना चाहो।</c.bg_transparent>"
348;1691523;1693775;"<c.bg_transparent>आप उनसे प्रेम नहीं कर सकते,</c.bg_transparent>"
349;1694401;1697237;"<c.bg_transparent>कोई मतलब नहीं कि आप क्या कहते हो,</c.bg_transparent>
<c.bg_transparent>लोग क्या सोचते हैं।</c.bg_transparent>"
350;1697904;1700031;"<c.bg_transparent>मुझे लोगों की परवाह नहीं।</c.bg_transparent>"
351;1701074;1702659;"<c.bg_transparent>मुझे वास्तव में तुम्हारी माँ से प्रेम है।</c.bg_transparent>"
352;1710708;1713461;"<c.bg_transparent>कसम खाओ कि ऐसा दोबारा नहीं होगा।</c.bg_transparent>"
353;1720510;1723430;"<c.bg_transparent>मैं कसम खाता हूँ कि ऐसा दोबारा नहीं होगा।</c.bg_transparent>"
354;1732939;1734149;"<c.bg_transparent>मुझे तुमसे प्रेम है।</c.bg_transparent>"
355;1736776;1738027;"<c.bg_transparent>अब, जाओ खेलो।</c.bg_transparent>"
356;1788495;1790038;"<c.bg_transparent>नहीं!</c.bg_transparent>"
357;1790121;1791456;"<c.bg_transparent>नहीं!</c.bg_transparent>"
358;1793249;1796169;"<c.bg_transparent>नहीं!</c.bg_transparent>"
359;1807222;1808556;"<c.bg_transparent>एथेलस्टैन?</c.bg_transparent>"
360;1812227;1815021;"<c.bg_transparent>वह इतना कमज़ोर है कि खा भी नहीं सकता।</c.bg_transparent>"
361;1816689;1818358;"<c.bg_transparent>भगवान से प्रार्थना करें,</c.bg_transparent>"
362;1819234;1821569;"<c.bg_transparent>कृपया, उसके लिए।</c.bg_transparent>"
363;1884591;1885800;"<c.bg_transparent>नहीं।</c.bg_transparent>"
364;1911367;1912410;"<c.bg_transparent>देवताओं के देवता,</c.bg_transparent>"
365;1913202;1914913;"<c.bg_transparent>हम आपको यह अर्पण करते हैं,</c.bg_transparent>"
366;1915496;1917415;"<c.bg_transparent>उम्मीद है आप खुश होंगे।</c.bg_transparent>"
367;1959707;1961334;"<c.bg_transparent>थोड़ी और कोशिश कर सकते हो?</c.bg_transparent>"
368;1974973;1976182;"<c.bg_transparent>गीडा।</c.bg_transparent>"
369;2027233;2028776;"<c.bg_transparent>मेरे पेट में तुम्हारा बच्चा है।</c.bg_transparent>"
370;2035116;2037285;"<c.bg_transparent>क्या साधु ने तुम्हें</c.bg_transparent>
<c.bg_transparent>और बेटों के लिए नहीं कहा था?</c.bg_transparent>"
371;2102892;2104685;"<c.bg_transparent>हम अपने मेहमानों का स्वागत</c.bg_transparent>
<c.bg_transparent>इस दावत में करते हैं।</c.bg_transparent>"
372;2105645;2107730;"<c.bg_transparent>अब बताओ कि राजा होरिक ने क्या कहा।</c.bg_transparent>"
373;2109023;2111359;"<c.bg_transparent>वह कौन से समझौते करने को तैयार हैं?</c.bg_transparent>"
374;2113277;2114695;"<c.bg_transparent>पहले खा नहीं सकता?</c.bg_transparent>"
375;2125665;2126916;"<c.bg_transparent>खैर, उसने कहा...</c.bg_transparent>"
376;2130419;2131712;"<c.bg_transparent>उसने क्या कहा?</c.bg_transparent>"
377;2139345;2141889;"<c.bg_transparent>उसने क्या कहा?</c.bg_transparent>"
378;2145226;2147436;"<c.bg_transparent>वह कोई समझौता नहीं करेगा,</c.bg_transparent>"
379;2148146;2149313;"<c.bg_transparent>कोई सौदा नहीं।</c.bg_transparent>"
380;2150022;2153109;"<c.bg_transparent>उसने कहा कि तुम भूमि की कीमत बताओ।</c.bg_transparent>"
381;2154193;2155486;"<c.bg_transparent>या?</c.bg_transparent>"
382;2157363;2158906;"<c.bg_transparent>उसने "या" नहीं कहा।</c.bg_transparent>"
383;2164412;2166372;"<c.bg_transparent>लगता है तुम्हारी यात्रा</c.bg_transparent>
<c.bg_transparent>पूर्ण रूप से व्यर्थ रही,</c.bg_transparent>"
384;2166455;2167999;"<c.bg_transparent>रैगनार लोथब्रोक।</c.bg_transparent>"
385;2169375;2171335;"<c.bg_transparent>तुम अपने आदमियों के साथ</c.bg_transparent>
<c.bg_transparent>सुबह यहाँ से चले जाओ।</c.bg_transparent>"
386;2174255;2176757;"<c.bg_transparent>यदि तुम राजा होरिक का साथ</c.bg_transparent>
<c.bg_transparent>छोड़ना नहीं चाहते हो,</c.bg_transparent>"
387;2178384;2180094;"<c.bg_transparent>या उसके प्रति वफ़ादार रहना चाहते हो तो।</c.bg_transparent>"
388;2189979;2191063;"<c.bg_transparent>समझा।</c.bg_transparent>"
389;2193524;2194692;"<c.bg_transparent>बहुत बढ़िया।</c.bg_transparent>"
390;2202241;2203242;"<c.bg_transparent>सही है।</c.bg_transparent>"
391;2205453;2206495;"<c.bg_transparent>जंग।</c.bg_transparent>"
392;2294500;2295626;"<c.bg_transparent>ओडिन।</c.bg_transparent>"
393;2345009;2347136;"<c.bg_transparent>तो, मेरे दोस्त, पासा फेंका जा चुका है।</c.bg_transparent>"
394;2347219;2348846;"<c.bg_transparent>राजा होरिक ने कोई और रास्ता नहीं छोड़ा।</c.bg_transparent>"
395;2348929;2351974;"<c.bg_transparent>मुझे उस पर हमला करना चाहिए</c.bg_transparent>
<c.bg_transparent>और उस चीज़ पर दावा करना चाहिए जो मेरी है।</c.bg_transparent>"
396;2354393;2357355;"<c.bg_transparent>तुम्हारा भाई मेरा साथ नहीं देगा</c.bg_transparent>
<c.bg_transparent>पर सवाल यह है,</c.bg_transparent>"
397;2357980;2359065;"<c.bg_transparent>क्या तुम दोगे?</c.bg_transparent>"
398;2425756;2427675;"<c.bg_transparent>तुम मेरी ओर से लड़ोगे?</c.bg_transparent>"
399;2429760;2432680;"<c.bg_transparent>तुम और मैं, साथ में,</c.bg_transparent>
<c.bg_transparent>एक नया साम्राज्य स्थापित कर सकते हैं।</c.bg_transparent>"
400;2443065;2444859;"<c.bg_transparent>क्या तुम यही नहीं चाहते?</c.bg_transparent>"
401;2446819;2449280;"<c.bg_transparent>तुम्हारे भाई की मौत</c.bg_transparent>
<c.bg_transparent>और तुम्हारी अपनी कीर्ति की शुरूआत?</c.bg_transparent>"
402;2475306;2476849;"<c.bg_transparent>तो, क्या कहते हो?</c.bg_transparent>"
403;2554218;2555553;"<c.bg_transparent>मैं हाँ कहता हूँ।</c.bg_transparent>"
404;2560599;2561809;"<c.bg_transparent>मैं तुम्हारी ओर से लडूंगा।</c.bg_transparent>"
405;2565354;2567648;"<c.bg_transparent>मैं तुम्हारी ओर से</c.bg_transparent>
<c.bg_transparent>अपने भाई के खिलाफ़ लडूंगा।</c.bg_transparent>"
406;2582955;2584957;"<c.bg_transparent>संवाद अनुवादक: छाया चौरे</c.bg_transparent>"